source,target
Antonio Banderas,TV Comedies
Antonio Banderas,Dramas
Antonio Banderas,International Movies
Antonio Banderas,Comedies
Antonio Banderas,TV Action & Adventure
Antonio Banderas,Romantic Movies
Antonio Banderas,Sci-Fi & Fantasy
Antonio Banderas,Thrillers
Antonio Banderas,Kids' TV
Antonio Banderas,Action & Adventure
Antonio Banderas,Classic Movies
Antonio Banderas,Children & Family Movies
Antonio Banderas,Music & Musicals
Antonio Banderas,LGBTQ Movies
Cult Movies,Fred Tatasciore
Cult Movies,Ben Whishaw
Cult Movies,Alison Pill
Cult Movies,Keith David
Cult Movies,John Cleese
Cult Movies,Michael Palin
Cult Movies,Jim Broadbent
Cult Movies,Johnny Depp
Cult Movies,Ron Perlman
Cult Movies,Samuel L. Jackson
Cult Movies,Jason Schwartzman
Cult Movies,Mae Whitman
Cult Movies,John Leguizamo
J.K. Simmons,Dramas
J.K. Simmons,Independent Movies
J.K. Simmons,International Movies
J.K. Simmons,Comedies
J.K. Simmons,TV Action & Adventure
J.K. Simmons,Romantic Movies
J.K. Simmons,Horror Movies
J.K. Simmons,Sci-Fi & Fantasy
J.K. Simmons,Kids' TV
J.K. Simmons,TV Sci-Fi & Fantasy
J.K. Simmons,Children & Family Movies
J.K. Simmons,Action & Adventure
Yuki Kaji,International TV Shows
Yuki Kaji,Romantic TV Shows
Yuki Kaji,International Movies
Yuki Kaji,Crime TV Shows
Yuki Kaji,Romantic Movies
Yuki Kaji,Horror Movies
Yuki Kaji,Action & Adventure
Yuki Kaji,Anime Features
Yuki Kaji,Anime Series
Yuki Kaji,Children & Family Movies
Yuki Kaji,Teen TV Shows
Yuki Kaji,TV Shows
Music & Musicals,Anupam Kher
Music & Musicals,Keegan-Michael Key
Music & Musicals,Hugh Bonneville
Music & Musicals,Stephanie Sheh
Music & Musicals,Helena Bonham Carter
Music & Musicals,Jason Schwartzman
Music & Musicals,Joe Pantoliano
Music & Musicals,Ben Whishaw
Music & Musicals,Johnny Depp
Horror Movies,Samuel L. Jackson
Horror Movies,Helen Mirren
Horror Movies,Guy Pearce
Horror Movies,Keith David
Horror Movies,Kiernan Shipka
Horror Movies,Gary Cole
Horror Movies,Bob Balaban
Horror Movies,Ron Perlman
Horror Movies,Mike Vogel
Horror Movies,Laurence Fishburne
Horror Movies,Sam Neill
Horror Movies,Jason Isaacs
Horror Movies,Penélope Cruz
Horror Movies,Terry Crews
Horror Movies,Ben Kingsley
Horror Movies,Johnny Depp
Horror Movies,Helena Bonham Carter
Horror Movies,Emma Roberts
Guy Pearce,International TV Shows
Guy Pearce,Romantic TV Shows
Guy Pearce,Dramas
Guy Pearce,Independent Movies
Guy Pearce,International Movies
Guy Pearce,British TV Shows
Guy Pearce,Comedies
Guy Pearce,Romantic Movies
Guy Pearce,Sci-Fi & Fantasy
Guy Pearce,Thrillers
Guy Pearce,Action & Adventure
Guy Pearce,Children & Family Movies
Guy Pearce,LGBTQ Movies
James Cromwell,TV Dramas
James Cromwell,TV Mysteries
James Cromwell,Dramas
James Cromwell,Independent Movies
James Cromwell,International Movies
James Cromwell,Comedies
James Cromwell,Romantic Movies
James Cromwell,Docuseries
James Cromwell,Sci-Fi & Fantasy
James Cromwell,Action & Adventure
James Cromwell,TV Horror
James Cromwell,TV Thrillers
TV Horror,Fred Tatasciore
TV Horror,Emma Roberts
TV Horror,Gary Cole
TV Horror,Laurence Fishburne
TV Horror,Mike Vogel
TV Horror,Radhika Apte
TV Horror,Richard Armitage
TV Horror,Kiernan Shipka
TV Horror,Alison Pill
Martin Sheen,TV Dramas
Martin Sheen,TV Comedies
Martin Sheen,Dramas
Martin Sheen,Independent Movies
Martin Sheen,Comedies
Martin Sheen,Romantic Movies
Martin Sheen,Sci-Fi & Fantasy
Martin Sheen,Thrillers
Martin Sheen,Children & Family Movies
Martin Sheen,Faith & Spirituality
Teen TV Shows,Bob Balaban
Teen TV Shows,Susan Sarandon
Teen TV Shows,Kiernan Shipka
Teen TV Shows,Jason Schwartzman
Spanish-Language TV Shows,Stephen Fry
Spanish-Language TV Shows,Alfonso Herrera
Sci-Fi & Fantasy,Chris O'Dowd
Sci-Fi & Fantasy,Emma Roberts
Sci-Fi & Fantasy,Anupam Kher
Sci-Fi & Fantasy,Samuel L. Jackson
Sci-Fi & Fantasy,John Cleese
Sci-Fi & Fantasy,Sylvester Stallone
Sci-Fi & Fantasy,Helen Mirren
Sci-Fi & Fantasy,Susan Sarandon
Sci-Fi & Fantasy,Helena Bonham Carter
Sci-Fi & Fantasy,Sam Neill
Sci-Fi & Fantasy,Ben Kingsley
Sci-Fi & Fantasy,Edgar Ramírez
Sci-Fi & Fantasy,Fred Tatasciore
Sci-Fi & Fantasy,Laurence Fishburne
Sci-Fi & Fantasy,Kiernan Shipka
Sci-Fi & Fantasy,Mike Vogel
Sci-Fi & Fantasy,Jason Isaacs
Sci-Fi & Fantasy,Nicholas Hoult
Sci-Fi & Fantasy,Ron Perlman
Sci-Fi & Fantasy,Jim Broadbent
Sci-Fi & Fantasy,Bob Balaban
Sci-Fi & Fantasy,Johnny Depp
Sci-Fi & Fantasy,Joe Pantoliano
Sci-Fi & Fantasy,Morgan Freeman
Sci-Fi & Fantasy,Stephen Fry
Sylvester Stallone,Dramas
Sylvester Stallone,Reality TV
Sylvester Stallone,Comedies
Sylvester Stallone,Action & Adventure
Sylvester Stallone,Classic Movies
Sylvester Stallone,Children & Family Movies
Sylvester Stallone,Sports Movies
Helen Mirren,TV Comedies
Helen Mirren,Dramas
Helen Mirren,Independent Movies
Helen Mirren,International Movies
Helen Mirren,Comedies
Helen Mirren,Romantic Movies
Helen Mirren,Thrillers
Helen Mirren,Action & Adventure
Helen Mirren,Children & Family Movies
Helen Mirren,Documentaries
John Leguizamo,TV Dramas
John Leguizamo,TV Mysteries
John Leguizamo,Dramas
John Leguizamo,Independent Movies
John Leguizamo,Comedies
John Leguizamo,Crime TV Shows
John Leguizamo,Thrillers
John Leguizamo,Action & Adventure
John Leguizamo,Children & Family Movies
John Leguizamo,LGBTQ Movies
John Leguizamo,Stand-Up Comedy
John Leguizamo,Sports Movies
John Leguizamo,TV Thrillers
Nicholas Hoult,International TV Shows
Nicholas Hoult,Dramas
Nicholas Hoult,Independent Movies
Nicholas Hoult,International Movies
Nicholas Hoult,British TV Shows
Nicholas Hoult,Comedies
Nicholas Hoult,TV Action & Adventure
Nicholas Hoult,Romantic Movies
Nicholas Hoult,Thrillers
Nicholas Hoult,Action & Adventure
Nicholas Hoult,Children & Family Movies
Nicholas Hoult,LGBTQ Movies
Nicholas Hoult,Sports Movies
Jim Broadbent,International TV Shows
Jim Broadbent,Dramas
Jim Broadbent,Independent Movies
Jim Broadbent,International Movies
Jim Broadbent,British TV Shows
Jim Broadbent,Comedies
Jim Broadbent,Crime TV Shows
Jim Broadbent,Thrillers
Jim Broadbent,Action & Adventure
Jim Broadbent,Classic Movies
Jim Broadbent,Anime Features
Jim Broadbent,Children & Family Movies
Richard Armitage,International TV Shows
Richard Armitage,TV Dramas
Richard Armitage,Romantic TV Shows
Richard Armitage,Dramas
Richard Armitage,Independent Movies
Richard Armitage,International Movies
Richard Armitage,British TV Shows
Richard Armitage,Crime TV Shows
Richard Armitage,Action & Adventure
Richard Armitage,Anime Series
Richard Armitage,TV Thrillers
Faith & Spirituality,Morgan Freeman
Faith & Spirituality,Mike Vogel
Faith & Spirituality,Hugh Bonneville
Faith & Spirituality,Steven Yeun
Faith & Spirituality,Keegan-Michael Key
Faith & Spirituality,Radhika Apte
Alfonso Herrera,International TV Shows
Alfonso Herrera,TV Dramas
Alfonso Herrera,TV Mysteries
Alfonso Herrera,Romantic TV Shows
Alfonso Herrera,Dramas
Alfonso Herrera,Independent Movies
Alfonso Herrera,International Movies
Alfonso Herrera,Comedies
Alfonso Herrera,Crime TV Shows
Alfonso Herrera,Thrillers
Jason Schwartzman,TV Comedies
Jason Schwartzman,Dramas
Jason Schwartzman,Independent Movies
Jason Schwartzman,Comedies
Jason Schwartzman,Crime TV Shows
Jason Schwartzman,TV Action & Adventure
Jason Schwartzman,Action & Adventure
Jason Schwartzman,TV Sci-Fi & Fantasy
Jason Schwartzman,Children & Family Movies
Action & Adventure,Chris O'Dowd
Action & Adventure,Laurence Fishburne
Action & Adventure,Mike Vogel
Action & Adventure,Gary Cole
Action & Adventure,Anupam Kher
Action & Adventure,Samuel L. Jackson
Action & Adventure,Fred Tatasciore
Action & Adventure,Alison Pill
Action & Adventure,Laura Linney
Action & Adventure,Joe Pantoliano
Action & Adventure,Morgan Freeman
Action & Adventure,Johnny Depp
Action & Adventure,Jason Isaacs
Action & Adventure,Sam Neill
Action & Adventure,Helena Bonham Carter
Action & Adventure,Edgar Ramírez
Action & Adventure,John Cleese
Action & Adventure,Michael Palin
Action & Adventure,Steven Yeun
Action & Adventure,Terry Crews
Action & Adventure,Susan Sarandon
Action & Adventure,Ben Whishaw
Action & Adventure,Keith David
Action & Adventure,Ben Kingsley
Action & Adventure,Ron Perlman
Action & Adventure,Radhika Apte
Action & Adventure,Stephanie Sheh
Action & Adventure,Mae Whitman
Action & Adventure,Jay Baruchel
Action & Adventure,Stephen Fry
Steven Yeun,TV Dramas
Steven Yeun,TV Comedies
Steven Yeun,Dramas
Steven Yeun,Independent Movies
Steven Yeun,International Movies
Steven Yeun,Comedies
Steven Yeun,TV Action & Adventure
Steven Yeun,Kids' TV
Steven Yeun,TV Sci-Fi & Fantasy
Steven Yeun,Children & Family Movies
Steven Yeun,Classic & Cult TV
Edgar Ramírez,TV Dramas
Edgar Ramírez,Dramas
Edgar Ramírez,Independent Movies
Edgar Ramírez,International Movies
Edgar Ramírez,Comedies
Edgar Ramírez,Crime TV Shows
Edgar Ramírez,Thrillers
Edgar Ramírez,Children & Family Movies
Edgar Ramírez,TV Thrillers
Michael Palin,International TV Shows
Michael Palin,TV Comedies
Michael Palin,Dramas
Michael Palin,Independent Movies
Michael Palin,British TV Shows
Michael Palin,Comedies
Michael Palin,Docuseries
Michael Palin,Classic Movies
Michael Palin,Children & Family Movies
Michael Palin,Documentaries
Michael Palin,Classic & Cult TV
Chris O'Dowd,International TV Shows
Chris O'Dowd,TV Dramas
Chris O'Dowd,TV Comedies
Chris O'Dowd,Dramas
Chris O'Dowd,Independent Movies
Chris O'Dowd,British TV Shows
Chris O'Dowd,Comedies
Chris O'Dowd,Kids' TV
Chris O'Dowd,Classic & Cult TV
Chris O'Dowd,Romantic Movies
Chris O'Dowd,Crime TV Shows
TV Action & Adventure,Gary Cole
TV Action & Adventure,Fred Tatasciore
TV Action & Adventure,Kiernan Shipka
TV Action & Adventure,Mae Whitman
TV Action & Adventure,Stephanie Sheh
TV Action & Adventure,Jay Baruchel
TV Action & Adventure,Keegan-Michael Key
TV Action & Adventure,Helena Bonham Carter
TV Action & Adventure,Jason Isaacs
TV Action & Adventure,Ben Kingsley
TV Action & Adventure,Ron Perlman
Joe Pantoliano,TV Dramas
Joe Pantoliano,TV Mysteries
Joe Pantoliano,Dramas
Joe Pantoliano,Independent Movies
Joe Pantoliano,Comedies
Joe Pantoliano,Crime TV Shows
Joe Pantoliano,Romantic Movies
Joe Pantoliano,Classic Movies
Joe Pantoliano,Children & Family Movies
Joe Pantoliano,Sports Movies
Crime TV Shows,Gary Cole
Crime TV Shows,Penélope Cruz
Crime TV Shows,Ron Perlman
Crime TV Shows,Mae Whitman
Crime TV Shows,Laura Linney
Crime TV Shows,Sam Neill
Crime TV Shows,Radhika Apte
Crime TV Shows,Anupam Kher
Crime TV Shows,Bob Balaban
Crime TV Shows,Mike Vogel
Crime TV Shows,Ben Whishaw
Kiernan Shipka,TV Dramas
Kiernan Shipka,TV Mysteries
Kiernan Shipka,TV Comedies
Kiernan Shipka,Dramas
Kiernan Shipka,Independent Movies
Kiernan Shipka,Comedies
Kiernan Shipka,Thrillers
Kiernan Shipka,Kids' TV
Kiernan Shipka,TV Sci-Fi & Fantasy
Kiernan Shipka,Children & Family Movies
Kiernan Shipka,LGBTQ Movies
Laurence Fishburne,TV Mysteries
Laurence Fishburne,Dramas
Laurence Fishburne,British TV Shows
Laurence Fishburne,Comedies
Laurence Fishburne,Docuseries
Laurence Fishburne,Thrillers
Laurence Fishburne,Classic Movies
Laurence Fishburne,Children & Family Movies
Laurence Fishburne,TV Thrillers
TV Sci-Fi & Fantasy,Fred Tatasciore
TV Sci-Fi & Fantasy,Gary Cole
TV Sci-Fi & Fantasy,Jay Baruchel
TV Sci-Fi & Fantasy,Helena Bonham Carter
TV Sci-Fi & Fantasy,Jason Isaacs
TV Sci-Fi & Fantasy,Keegan-Michael Key
TV Sci-Fi & Fantasy,Susan Sarandon
TV Sci-Fi & Fantasy,Ron Perlman
Thrillers,Emma Roberts
Thrillers,Samuel L. Jackson
Thrillers,Laura Linney
Thrillers,Radhika Apte
Thrillers,Ben Whishaw
Thrillers,Alison Pill
Thrillers,Ben Kingsley
Thrillers,Anupam Kher
Thrillers,Penélope Cruz
Thrillers,Terry Crews
Thrillers,Sam Neill
Thrillers,Mike Vogel
Thrillers,Gary Cole
Thrillers,Bob Balaban
Thrillers,Ron Perlman
Thrillers,Morgan Freeman
Thrillers,Johnny Depp
Keegan-Michael Key,TV Dramas
Keegan-Michael Key,Romantic TV Shows
Keegan-Michael Key,TV Comedies
Keegan-Michael Key,Dramas
Keegan-Michael Key,Independent Movies
Keegan-Michael Key,Comedies
Keegan-Michael Key,Romantic Movies
Keegan-Michael Key,Kids' TV
Keegan-Michael Key,Children & Family Movies
Keegan-Michael Key,LGBTQ Movies
TV Comedies,Gary Cole
TV Comedies,Mae Whitman
TV Comedies,Keith David
TV Comedies,Bob Balaban
TV Comedies,Jay Baruchel
TV Comedies,Susan Sarandon
TV Comedies,Hugh Bonneville
TV Comedies,John Cleese
TV Comedies,Anupam Kher
Romantic Movies,Ben Whishaw
Romantic Movies,Emma Roberts
Romantic Movies,Jay Baruchel
Romantic Movies,Mike Vogel
Romantic Movies,Johnny Depp
Romantic Movies,Radhika Apte
Romantic Movies,Ben Kingsley
Romantic Movies,Anupam Kher
Romantic Movies,Keith David
Romantic Movies,Mae Whitman
Romantic Movies,Bob Balaban
Sam Neill,International TV Shows
Sam Neill,Dramas
Sam Neill,Independent Movies
Sam Neill,International Movies
Sam Neill,British TV Shows
Sam Neill,Comedies
Sam Neill,Classic Movies
Sam Neill,Children & Family Movies
International TV Shows,Hugh Bonneville
International TV Shows,Radhika Apte
International TV Shows,Ben Kingsley
International TV Shows,John Cleese
International TV Shows,Anupam Kher
International TV Shows,Stephanie Sheh
International TV Shows,Ben Whishaw
International TV Shows,Jay Baruchel
Morgan Freeman,Dramas
Morgan Freeman,Independent Movies
Morgan Freeman,Comedies
Morgan Freeman,Docuseries
Morgan Freeman,Children & Family Movies
Morgan Freeman,Documentaries
Morgan Freeman,Sports Movies
Anime Series,Fred Tatasciore
Anime Series,Stephanie Sheh
Stephen Fry,Dramas
Stephen Fry,International Movies
Stephen Fry,British TV Shows
Stephen Fry,Comedies
Stephen Fry,Kids' TV
Stephen Fry,Children & Family Movies
Stephen Fry,Documentaries
Stephen Fry,Movies
Laura Linney,TV Dramas
Laura Linney,Dramas
Laura Linney,Independent Movies
Laura Linney,Comedies
Laura Linney,Classic Movies
Laura Linney,Children & Family Movies
Laura Linney,Documentaries
Laura Linney,LGBTQ Movies
Laura Linney,TV Thrillers
Ben Whishaw,Dramas
Ben Whishaw,Independent Movies
Ben Whishaw,International Movies
Ben Whishaw,British TV Shows
Ben Whishaw,Comedies
Ben Whishaw,Children & Family Movies
Docuseries,Samuel L. Jackson
Docuseries,Hugh Bonneville
Docuseries,John Cleese
Docuseries,Bob Balaban
Docuseries,Keith David
Sports Movies,Gary Cole
Sports Movies,Samuel L. Jackson
Sports Movies,Jay Baruchel
Sports Movies,Alison Pill
Sports Movies,Ron Perlman
Sports Movies,Ben Kingsley
TV Mysteries,Emma Roberts
TV Mysteries,Alison Pill
TV Mysteries,Jason Isaacs
Independent Movies,Radhika Apte
Independent Movies,Anupam Kher
Independent Movies,Susan Sarandon
Independent Movies,Johnny Depp
Independent Movies,Terry Crews
Independent Movies,Jason Isaacs
Independent Movies,Gary Cole
Independent Movies,Samuel L. Jackson
Independent Movies,Keith David
Independent Movies,Mae Whitman
Independent Movies,Ron Perlman
Independent Movies,Helena Bonham Carter
Independent Movies,Fred Tatasciore
Independent Movies,Mike Vogel
Independent Movies,Alison Pill
Independent Movies,Jay Baruchel
Independent Movies,Emma Roberts
Ron Perlman,TV Dramas
Ron Perlman,Dramas
Ron Perlman,International Movies
Ron Perlman,Comedies
Ron Perlman,Kids' TV
Ron Perlman,Children & Family Movies
Movies,Stephanie Sheh
International Movies,Anupam Kher
International Movies,Alison Pill
International Movies,Susan Sarandon
International Movies,Radhika Apte
International Movies,Helena Bonham Carter
International Movies,Penélope Cruz
International Movies,Keith David
International Movies,Gary Cole
International Movies,Jason Isaacs
International Movies,Bob Balaban
International Movies,Jay Baruchel
International Movies,Hugh Bonneville
International Movies,Stephanie Sheh
International Movies,Ben Kingsley
Terry Crews,Dramas
Terry Crews,Reality TV
Terry Crews,Comedies
Terry Crews,Children & Family Movies
Alison Pill,Dramas
Alison Pill,Comedies
Alison Pill,LGBTQ Movies
Alison Pill,TV Thrillers
Susan Sarandon,Dramas
Susan Sarandon,Comedies
Susan Sarandon,Kids' TV
Susan Sarandon,Children & Family Movies
Susan Sarandon,Documentaries
Susan Sarandon,LGBTQ Movies
Radhika Apte,TV Dramas
Radhika Apte,Dramas
Radhika Apte,Comedies
Bob Balaban,TV Dramas
Bob Balaban,Dramas
Bob Balaban,Comedies
Romantic TV Shows,Mike Vogel
Romantic TV Shows,Stephanie Sheh
John Cleese,British TV Shows
John Cleese,Comedies
John Cleese,Classic Movies
John Cleese,Children & Family Movies
John Cleese,Documentaries
John Cleese,Classic & Cult TV
Hugh Bonneville,TV Dramas
Hugh Bonneville,Dramas
Hugh Bonneville,British TV Shows
Hugh Bonneville,Comedies
Hugh Bonneville,Children & Family Movies
Hugh Bonneville,Documentaries
Hugh Bonneville,Stand-Up Comedy
TV Dramas,Mike Vogel
TV Dramas,Penélope Cruz
TV Dramas,Mae Whitman
TV Dramas,Keith David
TV Dramas,Helena Bonham Carter
TV Dramas,Jason Isaacs
Documentaries,Samuel L. Jackson
Documentaries,Jason Isaacs
Documentaries,Jay Baruchel
Johnny Depp,Dramas
Johnny Depp,Comedies
Johnny Depp,Classic Movies
Johnny Depp,Children & Family Movies
Mae Whitman,Dramas
Mae Whitman,Comedies
Mae Whitman,Kids' TV
Mae Whitman,Children & Family Movies
Mae Whitman,LGBTQ Movies
Mae Whitman,Classic & Cult TV
Helena Bonham Carter,Dramas
Helena Bonham Carter,Comedies
Helena Bonham Carter,Classic Movies
Helena Bonham Carter,Children & Family Movies
Kids' TV,Fred Tatasciore
Kids' TV,Keith David
Kids' TV,Stephanie Sheh
Kids' TV,Jay Baruchel
Kids' TV,Gary Cole
TV Thrillers,Emma Roberts
TV Thrillers,Penélope Cruz
Dramas,Samuel L. Jackson
Dramas,Mike Vogel
Dramas,Anupam Kher
Dramas,Jay Baruchel
Dramas,Ben Kingsley
Dramas,Penélope Cruz
Dramas,Jason Isaacs
Dramas,Emma Roberts
Dramas,Gary Cole
Dramas,Keith David
Dramas,Stephanie Sheh
LGBTQ Movies,Emma Roberts
Mike Vogel,Comedies
Emma Roberts,Comedies
Emma Roberts,Children & Family Movies
Gary Cole,Comedies
Gary Cole,Classic Movies
Gary Cole,Children & Family Movies
Children & Family Movies,Fred Tatasciore
Children & Family Movies,Jay Baruchel
Children & Family Movies,Stephanie Sheh
Children & Family Movies,Ben Kingsley
Children & Family Movies,Anupam Kher
Children & Family Movies,Keith David
Children & Family Movies,Penélope Cruz
Children & Family Movies,Jason Isaacs
Children & Family Movies,Samuel L. Jackson
Fred Tatasciore,Comedies
Jay Baruchel,Comedies
Anupam Kher,Comedies
Anupam Kher,Classic Movies
Comedies,Samuel L. Jackson
Comedies,Jason Isaacs
Comedies,Keith David
Comedies,Penélope Cruz
Comedies,Ben Kingsley
Classic Movies,Samuel L. Jackson
Classic Movies,Keith David
Classic Movies,Ben Kingsley
Ben Kingsley,British TV Shows
